"","label_name","GPSLongitude","GPSLatitude"
"1","Rock",-65.8091299887747,-45.017017442733
"2","Fine sand (no shell fragments)",-65.8107025176287,-45.0181290507317
"3","Fine sand (no shell fragments)",-65.8108278270811,-45.0182301364839
"4","Fine sand (no shell fragments)",-65.8107645437121,-45.0181795097888
"5","Rock",-65.8089876640588,-45.0169225595891
"6","Rock",-65.8110001590103,-45.0183448009193
"7","Rock",-65.8092051744461,-45.0170576758683
"8","Rock",-65.8092051744461,-45.0170576758683
"9","Rock",-65.8095128741115,-45.0172203686088
"10","Rock",-65.8088790345937,-45.0168515648693
"11","Rock",-65.8096095174551,-45.017289435491
"12","Rock",-65.8087391406298,-45.0167534127831
"13","Rock",-65.8112879097462,-45.0185619760305
"14","Fine sand (no shell fragments)",-65.8106684032828,-45.0181045755744
"15","Rock",-65.8092805277556,-45.0170984119177
"16","Rock",-65.8137977868319,-45.020474055782
"17","Rock",-65.8094415441155,-45.0171779561788
"18","Rock",-65.8104638848454,-45.0179651845247
"19","Rock",-65.809574984014,-45.017265798524
"20","Rock",-65.8088074531406,-45.0168047938496
"21","Rock",-65.8110612630844,-45.0183922424912
"22","Rock",-65.8093196712434,-45.0171181093901
"23","Fine sand (no shell fragments)",-65.8109313435853,-45.018299203366
"24","Rock",-65.8081165328622,-45.0161052402109
"25","Rock",-65.8110924437642,-45.0184177234769
"26","Rock",-65.8093591500074,-45.017136214301
"27","Rock",-65.8087051939219,-45.0167276803404
"28","Rock",-65.810534292832,-45.0180068425834
"29","Rock",-65.8099244255573,-45.0174879189581
"30","Fine sand (no shell fragments)",-65.81145118922,-45.0186892971396
"31","Fine sand (no shell fragments)",-65.8115136343986,-45.0187453720719
"32","Coarse sand (with shell fragments)",-65.8115443959832,-45.0187739543617
"33","Coarse sand (with shell fragments)",-65.8115999680012,-45.018833046779
"34","Coarse sand (with shell fragments)",-65.8116826973855,-45.0189128424972
"35","Rock",-65.8084575925022,-45.0165512412786
"36","Rock",-65.8081386610866,-45.0161476526409
"37","Rock",-65.8081534970552,-45.0162276159972
"38","Rock",-65.8082069735974,-45.0163185596466
"39","Rock",-65.8082812372595,-45.0164062343538
"40","Rock",-65.8083873521537,-45.0165033806115
"41","Rock",-65.8086385577917,-45.0166743714362
"42","Coarse sand (with shell fragments)",-65.8118011336774,-45.0190184544772
"43","Coarse sand (with shell fragments)",-65.813898537308,-45.0205453019589
"44","Coarse sand (with shell fragments)",-65.8139350824058,-45.0205681845546
"45","Rock",-65.814086375758,-45.0206535123289
"46","Coarse sand (with shell fragments)",-65.8141696918756,-45.0206913147122
"47","Coarse sand (with shell fragments)",-65.8143803291023,-45.0207878742367
"48","Coarse sand (with shell fragments)",-65.8146222308278,-45.0209065619856
"49","Coarse sand (with shell fragments)",-65.8147377334535,-45.0209660734981
"50","Coarse sand (with shell fragments)",-65.8149273321033,-45.0210545863956
"51","Fine sand (no shell fragments)",-65.8112602494657,-45.0185361597687
"52","Coarse sand (with shell fragments)",-65.8135817851871,-45.0203413702548
"53","Coarse sand (with shell fragments)",-65.8137231878936,-45.0204292126
"54","Rock",-65.8113537076861,-45.0186100881547
"55","Rock",-65.8100257627666,-45.0175624340773
"56","Rock",-65.8100576978177,-45.0175864063203
"57","Rock",-65.8138625789434,-45.0205248501152
"58","Gravel (2-10mm)",-65.8101739548147,-45.0176941137761
"59","Coarse sand (with shell fragments)",-65.8118572924286,-45.0190723501146
"60","Rock",-65.8085690718144,-45.0166227389127
"61","Rock",-65.8111233729869,-45.0184423662722
"62","Rock",-65.8111874945462,-45.0184914842248
"63","Fine sand (no shell fragments)",-65.8111874945462,-45.0184914842248
"64","Coarse sand (with shell fragments)",-65.8140479866415,-45.0206323899329
"65","Rock",-65.8099566958845,-45.0175137352198
"66","Rock",-65.8113870676607,-45.0186348985881
"67","Coarse sand (with shell fragments)",-65.8119131159037,-45.0191240664572
"68","Gravel (2-10mm)",-65.8102024532855,-45.0177210196853
"69","Rock",-65.8104343805462,-45.0179389491677
"70","Gravel (2-10mm)",-65.8102658204734,-45.0177749153227
"71","Gravel (2-10mm)",-65.810296246782,-45.0178019050509
"72","Rock",-65.8103774674237,-45.0178851373494
"73","Coarse sand (with shell fragments)",-65.8133427333087,-45.0201723072678
"74","Rock",-65.8141292911023,-45.0206715334207
"75","Rock",-65.809852425009,-45.0174399744719
"76","Coarse sand (with shell fragments)",-65.8124875277281,-45.0196749251336
"77","Rock",-65.8101162873209,-45.0176391284913
"78","Rock",-65.8106348756701,-45.018079681322
"79","Rock",-65.8097510877997,-45.0173730030656
"80","Coarse sand (with shell fragments)",-65.812711911276,-45.0198079459369
"81","Rock",-65.8103498909622,-45.0178565550596
"82","Coarse sand (with shell fragments)",-65.8131228759885,-45.020040711388
"83","Rock",-65.8096771594137,-45.0173331890255
"84","Coarse sand (with shell fragments)",-65.8120672591031,-45.0192924588919
"85","Coarse sand (with shell fragments)",-65.8121665008366,-45.0194050278515
"86","Coarse sand (with shell fragments)",-65.8128960616887,-45.0199144799262
"87","Coarse sand (with shell fragments)",-65.8122912235558,-45.0195401441306
"88","Coarse sand (with shell fragments)",-65.8140917401761,-45.0222850497812
"89","Coarse sand (with shell fragments)",-65.8138024806976,-45.0220609176904
"90","Coarse sand (with shell fragments)",-65.8133058529347,-45.021703010425
"91","Coarse sand (with shell fragments)",-65.8127321954817,-45.0213818997145
"92","Coarse sand (with shell fragments)",-65.8131415676326,-45.0216090492904
"93","Coarse sand (with shell fragments)",-65.812352662906,-45.0211352203041
"94","Coarse sand (with shell fragments)",-65.814207829535,-45.0223627500236
"95","Coarse sand (with shell fragments)",-65.8136748243123,-45.0219492707402
"96","Coarse sand (with shell fragments)",-65.8143692649901,-45.0224476587027
"97","Coarse sand (with shell fragments)",-65.8125441893935,-45.0212581828237
"98","Coarse sand (with shell fragments)",-65.8121509943157,-45.0209785625339
"99","Coarse sand (with shell fragments)",-65.8117945957929,-45.0206701923162
"100","Coarse sand (with shell fragments)",-65.8119866251945,-45.020841434598
"101","Coarse sand (with shell fragments)",-65.8139407821,-45.0221739895642
"102","Coarse sand (with shell fragments)",-65.8135050907731,-45.0218190159649
"103","Coarse sand (with shell fragments)",-65.8115868084133,-45.020505739376
"104","Coarse sand (with shell fragments)",-65.8113670349121,-45.0203501712531
"105","Rock",-65.8110792841762,-45.0201449822634
"106","Rock",-65.8110003266484,-45.0200953613967
"107","Coarse sand (with shell fragments)",-65.8109612669796,-45.0200715567917
"108","Rock",-65.8109194412827,-45.020048590377
"109","Rock",-65.8108827285469,-45.0200239475816
"110","Coarse sand (with shell fragments)",-65.8108827285469,-45.0200239475816
"111","Coarse sand (with shell fragments)",-65.8107633702457,-45.0199547968805
"112","Rock",-65.8107633702457,-45.0199547968805
"113","Rock",-65.8106060419232,-45.0198604166508
"114","Coarse sand (with shell fragments)",-65.8105643000454,-45.019837282598
"115","Rock",-65.8103948179632,-45.0197470933199
"116","Rock",-65.8103141002357,-45.019702501595
"117","Coarse sand (with shell fragments)",-65.8101910538971,-45.0196352787316
"118","Coarse sand (with shell fragments)",-65.8100225776434,-45.0195533037186
"119","Rock",-65.8099768124521,-45.0195346120745
"120","Rock",-65.8099320530891,-45.019514746964
"121","Coarse sand (with shell fragments)",-65.8098147902638,-45.0194495357573
"122","Coarse sand (with shell fragments)",-65.809741448611,-45.0194033514708
"123","Rock",-65.809511449188,-45.0192559976131
"124","Rock",-65.8094715513289,-45.0192325282842
"125","Coarse sand (with shell fragments)",-65.8093985449523,-45.0191816501319
"126","Coarse sand (with shell fragments)",-65.8093235269189,-45.0191308557987
"127","Coarse sand (with shell fragments)",-65.8092897478491,-45.0191045366228
"128","Rock",-65.8092223573476,-45.0190524850041
"129","Rock",-65.8091508597136,-45.0190027803183
"130","Rock",-65.8090770151466,-45.0189546681941
"131","Coarse sand (with shell fragments)",-65.8090024162084,-45.0189038738608
"132","Coarse sand (with shell fragments)",-65.8089667931199,-45.0188765488565
"133","Coarse sand (with shell fragments)",-65.8111180085689,-45.0201691221446
"134","Coarse sand (with shell fragments)",-65.8129275776446,-45.0214940495789
"135","Rock",-65.8082818239927,-45.018296353519
"136","Rock",-65.8082215581089,-45.0182401109487
"137","Rock",-65.8098532631993,-45.0194713287055
"138","Rock",-65.8081889525056,-45.0182111933827
"139","Rock",-65.8081275969744,-45.0181541964412
"140","Rock",-65.8107292558998,-45.0199306569993
"141","Coarse sand (with shell fragments)",-65.8107292558998,-45.0199306569993
"142","Coarse sand (with shell fragments)",-65.8104771282524,-45.0197928585112
"143","Rock",-65.8090770151466,-45.0189546681941
"144","Rock",-65.807936405763,-45.0179757457227
"145","Rock",-65.8076769020408,-45.0177566427737
"146","Rock",-65.8075830247253,-45.0176729075611
"147","Rock",-65.8074933383614,-45.0175943691283
"148","Rock",-65.8096317294985,-45.0193278305233
"149","Rock",-65.8095892332494,-45.0193058699369
"150","Rock",-65.8070101216435,-45.0171407405287
"151","Gravel (2-10mm)",-65.806918758899,-45.0170487910509
"152","Gravel (2-10mm)",-65.8068892545998,-45.0170161854476
"153","Rock",-65.8066653739661,-45.0167922209948
"154","Gravel (2-10mm)",-65.806805184111,-45.016930187121
"155","Rock",-65.8066366240382,-45.0167657341808
"156","Rock",-65.806607119739,-45.0167400855571
"157","Rock",-65.8065471891314,-45.0166889559478
"158","Rock",-65.8065051119775,-45.0166294444352
"159","Rock",-65.8064698241651,-45.016560126096
"160","Rock",-65.8083639666438,-45.0183897279203
"161","Rock",-65.808338150382,-45.0183586310595
"162","Rock",-65.8080946560949,-45.0181252788752
"163","Rock",-65.808063140139,-45.0180986244231
"164","Rock",-65.8080027904361,-45.0180343352258
"165","Rock",-65.8077111002058,-45.017783716321
"166","Coarse sand (with shell fragments)",-65.8087859116495,-45.0187505688518
"167","Rock",-65.8085767831653,-45.0185980182141
"168","Rock",-65.808485923335,-45.0185121037066
"169","Rock",-65.8078753016889,-45.017921179533
"170","Rock",-65.8074008021504,-45.0175095442683
"171","Gravel (2-10mm)",-65.8073065057397,-45.0174261443317
"172","Gravel (2-10mm)",-65.8072745706886,-45.0173984002322
"173","Rock",-65.8071873150766,-45.0173144135624
"174","Gravel (2-10mm)",-65.8071278035641,-45.0172557402402
"175","Gravel (2-10mm)",-65.8070993889123,-45.017228666693
"176","Rock",-65.8070709742606,-45.0172010064125
"177","Gravel (2-10mm)",-65.8067793678492,-45.0169046223164
"178","Rock",-65.8087526354939,-45.0187239143997
"179","Rock",-65.808893116191,-45.0188272632658
"180","Coarse sand (with shell fragments)",-65.8102703467011,-45.0196814630181
"181","Rock",-65.8084212988615,-45.0184499938041
"182","Rock",-65.8078447077423,-45.0178936868906
"183","Rock",-65.8077768981457,-45.0178390368819
"184","Rock",-65.8069805335253,-45.0171085540205
"185","Rock",-65.8088199421763,-45.0187763012946
"186","Rock",-65.808716090396,-45.018700864166
"187","Rock",-65.8086778689176,-45.0186754669994
"188","Rock",-65.8086088858545,-45.0186245050281
"189","Rock",-65.8084525633603,-45.0184800010175
"190","Rock",-65.8072454854846,-45.0173701532185
"191","Rock",-65.8064154256135,-45.0179562997073
"192","Rock",-65.8065093867481,-45.0180313177407
"193","Rock",-65.8064154256135,-45.0179562997073
"194","Rock",-65.8064443431795,-45.01798203215
"195","Rock",-65.8069920167327,-45.018536997959
"196","Rock",-65.8071600738913,-45.0188127625734
"197","Rock",-65.8072001393884,-45.0188737828285
"198","Fine sand (no shell fragments)",-65.8072206750512,-45.0189020298421
"199","Rock",-65.8072387799621,-45.0189297739416
"200","Rock",-65.8073008060455,-45.0190150178969
"201","Rock",-65.8073235210031,-45.0190398283303
"202","Rock",-65.8074168954045,-45.019118450582
"203","Rock",-65.8074453938752,-45.0191467814147
"204","Coarse sand (with shell fragments)",-65.8075331524014,-45.0192249845713
"205","Coarse sand (with shell fragments)",-65.8075989503413,-45.0192762818187
"206","Rock",-65.8077166322619,-45.0193465221673
"207","Rock",-65.8078916464001,-45.0194669701159
"208","Rock",-65.8079611323774,-45.0195166748017
"209","Rock",-65.8080269303173,-45.0195683073252
"210","Rock",-65.8080954942852,-45.0196143239737
"211","Rock",-65.8081678301096,-45.0196621008217
"212","Rock",-65.8082333765924,-45.019707614556
"213","Rock",-65.8082653116435,-45.0197313353419
"214","Rock",-65.8084062952548,-45.0198206864297
"215","Rock",-65.8084443490952,-45.0198427308351
"216","Rock",-65.8085228875279,-45.0198892503977
"217","Rock",-65.8085228875279,-45.0198892503977
"218","Rock",-65.8085594326258,-45.0199093669653
"219","Coarse sand (with shell fragments)",-65.808676360175,-45.0199779309332
"220","Coarse sand (with shell fragments)",-65.8087495341897,-45.0200251210481
"221","Coarse sand (with shell fragments)",-65.808813655749,-45.0200730655342
"222","Coarse sand (with shell fragments)",-65.808874676004,-45.0201198365539
"223","Coarse sand (with shell fragments)",-65.8089566510171,-45.0201769173145
"224","Coarse sand (with shell fragments)",-65.8090361114591,-45.0202215090394
"225","Coarse sand (with shell fragments)",-65.8091061841697,-45.0202712137252
"226","Coarse sand (with shell fragments)",-65.8092169929296,-45.0203500874341
"227","Coarse sand (with shell fragments)",-65.8092773426324,-45.0204056594521
"228","Coarse sand (with shell fragments)",-65.8093471638858,-45.020463578403
"229","Coarse sand (with shell fragments)",-65.8094306476414,-45.0205488223583
"230","Coarse sand (with shell fragments)",-65.8094890695065,-45.0206070765853
"231","Coarse sand (with shell fragments)",-65.8095889817923,-45.0206950027496
"232","Coarse sand (with shell fragments)",-65.8096873853356,-45.0207698531449
"233","Coarse sand (with shell fragments)",-65.8098583761603,-45.0208674184978
"234","Coarse sand (with shell fragments)",-65.8099768962711,-45.0209452863783
"235","Coarse sand (with shell fragments)",-65.8100496511906,-45.0209951587021
"236","Coarse sand (with shell fragments)",-65.8100853580981,-45.0210192147642
"237","Coarse sand (with shell fragments)",-65.8101646509022,-45.0210622977465
"238","Coarse sand (with shell fragments)",-65.8102324604988,-45.0211108289659
"239","Coarse sand (with shell fragments)",-65.8103637211025,-45.0212110765278
"240","Coarse sand (with shell fragments)",-65.8104626275599,-45.0212870165706
"241","Coarse sand (with shell fragments)",-65.8105618692935,-45.0213605258614
"242","Coarse sand (with shell fragments)",-65.8106674812734,-45.0214306823909
"243","Coarse sand (with shell fragments)",-65.8108134102076,-45.021526068449
"244","Coarse sand (with shell fragments)",-65.8111992292106,-45.0216857437044
"245","Coarse sand (with shell fragments)",-65.8114161528647,-45.0217656232417
"246","Coarse sand (with shell fragments)",-65.8110156655312,-45.021629165858
"247","Coarse sand (with shell fragments)",-65.8116149716079,-45.0218838080764
"248","Coarse sand (with shell fragments)",-65.8118678536266,-45.0220720656216
"249","Coarse sand (with shell fragments)",-65.8121767267585,-45.022250097245
"250","Coarse sand (with shell fragments)",-65.8124285191298,-45.0224172323942
"251","Coarse sand (with shell fragments)",-65.8126275893301,-45.0225270353258
"252","Coarse sand (with shell fragments)",-65.8129264041781,-45.0226647499949
"253","Coarse sand (with shell fragments)",-65.8131450880319,-45.022752340883
"254","Coarse sand (with shell fragments)",-65.8133865706623,-45.0228725373745
"255","Coarse sand (with shell fragments)",-65.8137753233314,-45.0230346433818
"256","Coarse sand (with shell fragments)",-65.8140302170068,-45.0231388304383
"257","Coarse sand (with shell fragments)",-65.8142859488726,-45.0232530757785
"258","Coarse sand (with shell fragments)",-65.8145985938609,-45.0234119128436
"259","Fine sand (no shell fragments)",-65.8073512651026,-45.0190642196685
"260","Rock",-65.8075331524014,-45.0192249845713
"261","Rock",-65.8076374232769,-45.0192999187857
"262","Rock",-65.8078587893397,-45.0194426625967
"263","Rock",-65.808338066563,-45.0197753403336
"264","Rock",-65.806704768911,-45.0182173121721
"265","Fine sand (no shell fragments)",-65.8072601538152,-45.0189596135169
"266","Rock",-65.8070626761764,-45.0186551827937
"267","Rock",-65.8071158174425,-45.0187523290515
"268","Rock",-65.8070454094559,-45.0186229962856
"269","Rock",-65.8066260628402,-45.0181356724352
"270","Rock",-65.8063337858766,-45.0178961176425
"271","Rock",-65.8065711613744,-45.0180787593126
"272","Rock",-65.8068146556616,-45.0183248519897
"273","Rock",-65.8085954748094,-45.0199325848371
"274","Rock",-65.8069345168769,-45.018455022946
"275","Coarse sand (with shell fragments)",-65.8119836915284,-45.0229703541845
"276","Rock",-65.8072682004422,-45.0201263744384
"277","Coarse sand (with shell fragments)",-65.80730474554,-45.0201529450715
"278","Coarse sand (with shell fragments)",-65.8102913014591,-45.0218185968697
"279","Gravel (2-10mm)",-65.8057662472129,-45.0190902035683
"280","Coarse sand (with shell fragments)",-65.8120454661548,-45.023090550676
"281","Coarse sand (with shell fragments)",-65.8089573215693,-45.0210533291101
"282","Coarse sand (with shell fragments)",-65.8111307490617,-45.0223560445011
"283","Coarse sand (with shell fragments)",-65.8108890149742,-45.0222254544497
"284","Coarse sand (with shell fragments)",-65.8105452731252,-45.0220010709018
"285","Coarse sand (with shell fragments)",-65.8115423843265,-45.0226269476116
"286","Coarse sand (with shell fragments)",-65.811773724854,-45.0227722059935
"287","Coarse sand (with shell fragments)",-65.8065445069224,-45.0196663755924
"288","Rock",-65.8064812235534,-45.0196060258895
"289","Coarse sand (with shell fragments)",-65.8113941084594,-45.0225270353258
"290","Coarse sand (with shell fragments)",-65.807145992294,-45.0200541224331
"291","Coarse sand (with shell fragments)",-65.8070651907474,-45.020006513223
"292","Coarse sand (with shell fragments)",-65.8069843053818,-45.0199625082314
"293","Coarse sand (with shell fragments)",-65.8068709820509,-45.0198910105973
"294","Coarse sand (with shell fragments)",-65.8067957963794,-45.0198437366635
"295","Coarse sand (with shell fragments)",-65.8066846523434,-45.0197680480778
"296","Coarse sand (with shell fragments)",-65.8066093828529,-45.0197193492204
"297","Rock",-65.8065108116716,-45.0196365360171
"298","Rock",-65.8064448460937,-45.0195826403797
"299","Rock",-65.8064448460937,-45.0195826403797
"300","Coarse sand (with shell fragments)",-65.8063776232302,-45.0195285771042
"301","Coarse sand (with shell fragments)",-65.8063100650907,-45.0194700714201
"302","Coarse sand (with shell fragments)",-65.806234208867,-45.0194234680384
"303","Coarse sand (with shell fragments)",-65.8099786564708,-45.0216116476804
"304","Coarse sand (with shell fragments)",-65.8095903228968,-45.0213713385165
"305","Coarse sand (with shell fragments)",-65.8092879876494,-45.0212314445525
"306","Gravel (2-10mm)",-65.8053758181632,-45.0186621397734
"307","Rock",-65.805237935856,-45.0185240898281
"308","Rock",-65.8051781728864,-45.0184699427336
"309","Coarse sand (with shell fragments)",-65.8086850773543,-45.0208869483322
"310","Coarse sand (with shell fragments)",-65.8085228875279,-45.0207955855876
"311","Coarse sand (with shell fragments)",-65.8083286788315,-45.0206844415516
"312","Gravel (2-10mm)",-65.8082090690732,-45.0206156261265
"313","Gravel (2-10mm)",-65.8081691712141,-45.0205936655402
"314","Gravel (2-10mm)",-65.8081244956702,-45.0205733813345
"315","Gravel (2-10mm)",-65.8080825023353,-45.0205522589386
"316","Gravel (2-10mm)",-65.8080428559333,-45.0205306336284
"317","Gravel (2-10mm)",-65.8079979289323,-45.0205125287175
"318","Rock",-65.8079150319099,-45.0204733852297
"319","Rock",-65.8078319672495,-45.020431894809
"320","Rock",-65.8077933266759,-45.0204090122133
"321","Rock",-65.8077045623213,-45.020368527621
"322","Rock",-65.80766399391,-45.0203474890441
"323","Coarse sand (with shell fragments)",-65.8075808454305,-45.0203045736998
"324","Rock",-65.8075406122953,-45.020281104371
"325","Rock",-65.8074609842151,-45.020239027217
"326","Rock",-65.8074222598225,-45.0202181562781
"327","Coarse sand (with shell fragments)",-65.807344391942,-45.0201744865626
"328","Rock",-65.8072289731354,-45.0200998876244
"329","Rock",-65.8071879018098,-45.0200780108571
"330","Coarse sand (with shell fragments)",-65.8061239868402,-45.0193442590535
"331","Coarse sand (with shell fragments)",-65.8059790637344,-45.0192430894822
"332","Coarse sand (with shell fragments)",-65.8058358170092,-45.0191461946815
"333","Gravel (2-10mm)",-65.8056118525565,-45.0189467892051
"334","Gravel (2-10mm)",-65.8057027962059,-45.0190317817032
"335","Gravel (2-10mm)",-65.805552424863,-45.0188873615116
"336","Gravel (2-10mm)",-65.8054762333632,-45.0187915563583
"337","Gravel (2-10mm)",-65.8053210005164,-45.0186042208225
"338","Rock",-65.8047847263515,-45.0192350428551
"339","Gravel (2-10mm)",-65.8052271232009,-45.0195607636124
"340","Rock",-65.8049304038286,-45.0193284172565
"341","Rock",-65.8048532065004,-45.0192810595036
"342","Coarse sand (with shell fragments)",-65.811377260834,-45.0240563973784
"343","Coarse sand (with shell fragments)",-65.8079051412642,-45.0219518691301
"344","Coarse sand (with shell fragments)",-65.8080144412816,-45.0220231991261
"345","Coarse sand (with shell fragments)",-65.8082119189203,-45.0221780966967
"346","Coarse sand (with shell fragments)",-65.8083189558238,-45.0222460739315
"347","Coarse sand (with shell fragments)",-65.8083952311426,-45.0222852174193
"348","Coarse sand (with shell fragments)",-65.8084949757904,-45.0223557092249
"349","Coarse sand (with shell fragments)",-65.808583907783,-45.0224267039448
"350","Coarse sand (with shell fragments)",-65.8118171431124,-45.0243286415935
"351","Coarse sand (with shell fragments)",-65.8119671791792,-45.0244060903788
"352","Coarse sand (with shell fragments)",-65.8109205309302,-45.0237476918846
"353","Coarse sand (with shell fragments)",-65.8064259029925,-45.0207156222314
"354","Rock",-65.8041361346841,-45.018928097561
"355","Rock",-65.8041786309332,-45.0189323723316
"356","Coarse sand (with shell fragments)",-65.8078745473176,-45.0219261366874
"357","Coarse sand (with shell fragments)",-65.8109934534878,-45.023785661906
"358","Coarse sand (with shell fragments)",-65.8111698925495,-45.0238943751901
"359","Coarse sand (with shell fragments)",-65.8103379048407,-45.0234390702099
"360","Gravel (2-10mm)",-65.8053598087281,-45.0197053514421
"361","Coarse sand (with shell fragments)",-65.8054089266807,-45.0197662878782
"362","Coarse sand (with shell fragments)",-65.8080832567066,-45.0220717303455
"363","Coarse sand (with shell fragments)",-65.8081485517323,-45.0221235305071
"364","Coarse sand (with shell fragments)",-65.8115426357836,-45.0241679605097
"365","Coarse sand (with shell fragments)",-65.8056279458106,-45.0200060103089
"366","Coarse sand (with shell fragments)",-65.8058478869498,-45.0201997999102
"367","Coarse sand (with shell fragments)",-65.8059496432543,-45.0202784221619
"368","Coarse sand (with shell fragments)",-65.8061457797885,-45.0204499997199
"369","Coarse sand (with shell fragments)",-65.8106968179345,-45.0236286688596
"370","Coarse sand (with shell fragments)",-65.8062826562673,-45.0205644126981
"371","Coarse sand (with shell fragments)",-65.8065371308476,-45.0208360701799
"372","Rock",-65.8043433353305,-45.018936144188
"373","Rock",-65.8044814690948,-45.0190318655223
"374","Rock",-65.8045729994774,-45.0190872699022
"375","Rock",-65.8046465087682,-45.0191383156925
"376","Rock",-65.8047180902213,-45.0191846676171
"377","Coarse sand (with shell fragments)",-65.8076048176736,-45.021718852222
"378","Coarse sand (with shell fragments)",-65.8076626528054,-45.0217745918781
"379","Coarse sand (with shell fragments)",-65.8089947886765,-45.0227493233979
"380","Coarse sand (with shell fragments)",-65.8091162424535,-45.0228502415121
"381","Gravel (2-10mm)",-65.805174568668,-45.0195056945086
"382","Coarse sand (with shell fragments)",-65.8077691029757,-45.0218517053872
"383","Rock",-65.804965859279,-45.0193549040705
"384","Gravel (2-10mm)",-65.8050367701799,-45.0194045249373
"385","Coarse sand (with shell fragments)",-65.8096545282751,-45.02312223427
"386","Coarse sand (with shell fragments)",-65.8099359925836,-45.0232347194105
"387","Coarse sand (with shell fragments)",-65.8101630583405,-45.0233526527882
"388","Coarse sand (with shell fragments)",-65.8103109151125,-45.0234200432897
"389","Coarse sand (with shell fragments)",-65.8086528070271,-45.0224725529552
"390","Coarse sand (with shell fragments)",-65.8055442944169,-45.019921772182
"391","Coarse sand (with shell fragments)",-65.8057493995875,-45.0201187469065
"392","Coarse sand (with shell fragments)",-65.8092247042805,-45.0229154527187
"393","Coarse sand (with shell fragments)",-65.8066479396075,-45.0209457892925
"394","Coarse sand (with shell fragments)",-65.8068137336522,-45.0210801512003
"395","Coarse sand (with shell fragments)",-65.8069824613631,-45.0212079752237
"396","Coarse sand (with shell fragments)",-65.8071843814105,-45.0213716737926
"397","Coarse sand (with shell fragments)",-65.8074110280722,-45.0215622782707
"398","Coarse sand (with shell fragments)",-65.811290005222,-45.0239847321063
"399","Coarse sand (with shell fragments)",-65.8094910811633,-45.0230521615595
"400","Coarse sand (with shell fragments)",-65.8088240493089,-45.0225862953812
"401","Coarse sand (with shell fragments)",-65.8105115778744,-45.0235311035067
"402","Coarse sand (with shell fragments)",-65.8087590057403,-45.0225387699902
"403","Gravel (2-10mm)",-65.8036353159696,-45.0204875506461
"404","Gravel (2-10mm)",-65.8034373354167,-45.0201730616391
"405","Coarse sand (with shell fragments)",-65.8069893345237,-45.0225451402366
"406","Gravel (2-10mm)",-65.8033942524344,-45.0201029051095
"407","Coarse sand (with shell fragments)",-65.8086188603193,-45.0234564207494
"408","Coarse sand (with shell fragments)",-65.8076758962125,-45.0230132695287
"409","Coarse sand (with shell fragments)",-65.8121325541288,-45.0255424249917
"410","Coarse sand (with shell fragments)",-65.8123342227191,-45.0256877671927
"411","Coarse sand (with shell fragments)",-65.8073008060455,-45.0227634888142
"412","Coarse sand (with shell fragments)",-65.8072262071073,-45.0227078329772
"413","Coarse sand (with shell fragments)",-65.8071482554078,-45.0226551946253
"414","Coarse sand (with shell fragments)",-65.8068250492215,-45.0224433839321
"415","Coarse sand (with shell fragments)",-65.8067462593317,-45.0223880633712
"416","Coarse sand (with shell fragments)",-65.8066647872329,-45.0223356764764
"417","Coarse sand (with shell fragments)",-65.8070678729564,-45.0225999578834
"418","Coarse sand (with shell fragments)",-65.8059629704803,-45.0218999013305
"419","Coarse sand (with shell fragments)",-65.8058816660196,-45.0218534655869
"420","Coarse sand (with shell fragments)",-65.8074971940368,-45.0229010358453
"421","Coarse sand (with shell fragments)",-65.8073771651834,-45.0228162109852
"422","Coarse sand (with shell fragments)",-65.8088696468621,-45.023542419076
"423","Fine sand (no shell fragments)",-65.8041166886687,-45.0208726990968
"424","Gravel (2-10mm)",-65.8036623895168,-45.0205209944397
"425","Coarse sand (with shell fragments)",-65.808282578364,-45.0233154371381
"426","Coarse sand (with shell fragments)",-65.8080052211881,-45.023180488497
"427","Coarse sand (with shell fragments)",-65.8112489338964,-45.0250442046672
"428","Coarse sand (with shell fragments)",-65.8109844010323,-45.0248908996582
"429","Coarse sand (with shell fragments)",-65.8106788806617,-45.0247042346746
"430","Coarse sand (with shell fragments)",-65.8065372146666,-45.0222593173385
"431","Coarse sand (with shell fragments)",-65.8063751924783,-45.0221514422446
"432","Coarse sand (with shell fragments)",-65.8060035388917,-45.0219238735735
"433","Coarse sand (with shell fragments)",-65.8057938236743,-45.0218072813004
"434","Coarse sand (with shell fragments)",-65.809088582173,-45.0236317701638
"435","Fine sand (no shell fragments)",-65.8042367175221,-45.0209462922066
"436","Fine sand (no shell fragments)",-65.8040383178741,-45.0208170432597
"437","Fine sand (no shell fragments)",-65.8039540797472,-45.0207644887269
"438","Fine sand (no shell fragments)",-65.8038695901632,-45.0207074079663
"439","Fine sand (no shell fragments)",-65.8038312010467,-45.0206792447716
"440","Fine sand (no shell fragments)",-65.8037238288671,-45.0205842778087
"441","Coarse sand (with shell fragments)",-65.8119567018002,-45.0254438538104
"442","Coarse sand (with shell fragments)",-65.8117397781461,-45.0253161136061
"443","Gravel (2-10mm)",-65.8035053126514,-45.0202782545239
"444","Gravel (2-10mm)",-65.8034826815128,-45.0202455651015
"445","Coarse sand (with shell fragments)",-65.8115208428353,-45.0251912232488
"446","Coarse sand (with shell fragments)",-65.810404708609,-45.024504577741
"447","Coarse sand (with shell fragments)",-65.810209074989,-45.0243584811687
"448","Coarse sand (with shell fragments)",-65.8057089988142,-45.0217574089766
"449","Coarse sand (with shell fragments)",-65.8056174684316,-45.0217118114233
"450","Coarse sand (with shell fragments)",-65.8054832741618,-45.0216405652463
"451","Coarse sand (with shell fragments)",-65.8053564559668,-45.0215691514313
"452","Fine sand (no shell fragments)",-65.8053090982139,-45.021547274664
"453","Fine sand (no shell fragments)",-65.8051793463528,-45.0214751902968
"454","Fine sand (no shell fragments)",-65.8050897438079,-45.0214270781726
"455","Fine sand (no shell fragments)",-65.8050030749291,-45.0213808100671
"456","Fine sand (no shell fragments)",-65.804918082431,-45.021333117038
"457","Fine sand (no shell fragments)",-65.8043189439923,-45.0209962483495
"458","Gravel (2-10mm)",-65.8035668358207,-45.02038420178
"459","Gravel (2-10mm)",-65.803543869406,-45.0203521829098
"460","Coarse sand (with shell fragments)",-65.8096535224468,-45.0239434931427
"461","Coarse sand (with shell fragments)",-65.806088950485,-45.0219734944403
"462","Coarse sand (with shell fragments)",-65.8062077220529,-45.0220477581024
"463","Gravel (2-10mm)",-65.803205491975,-45.0197849795222
"464","Fine sand (no shell fragments)",-65.8044018410146,-45.021045114845
"465","Gravel (2-10mm)",-65.803247820586,-45.0198605842888
"466","Gravel (2-10mm)",-65.8033547736704,-45.0200340896845
"467","Gravel (2-10mm)",-65.8033106848598,-45.0199647713453
"468","Gravel (2-10mm)",-65.8031048253179,-45.019641565159
"469","Fine sand (no shell fragments)",-65.804526982829,-45.0211208872497
"470","Coarse sand (with shell fragments)",-65.8093089424074,-45.0237419083714
"471","Fine sand (no shell fragments)",-65.8047900907695,-45.0212608650327
"472","Fine sand (no shell fragments)",-65.8046966325492,-45.0212184526026
"473","Coarse sand (with shell fragments)",-65.8125576004386,-45.0258723367006
"474","Coarse sand (with shell fragments)",-65.8099394291639,-45.0241375342011
"475","Coarse sand (with shell fragments)",-65.8094455674291,-45.0238171778619
"476","Fine sand (no shell fragments)",-65.8027637656778,-45.0203148834407
"477","Coarse sand (with shell fragments)",-65.8067740034312,-45.0234149303287
"478","Coarse sand (with shell fragments)",-65.8046931121498,-45.02177702263
"479","Fine sand (no shell fragments)",-65.8026482630521,-45.0202212575823
"480","Coarse sand (with shell fragments)",-65.8049655240029,-45.0220270548016
"481","Coarse sand (with shell fragments)",-65.8051505126059,-45.0221889931709
"482","Coarse sand (with shell fragments)",-65.8048119675368,-45.0218913517892
"483","Coarse sand (with shell fragments)",-65.8066426590085,-45.0233149342239
"484","Coarse sand (with shell fragments)",-65.8076316397637,-45.0240910146385
"485","Fine sand (no shell fragments)",-65.8023638650775,-45.0201112031937
"486","Coarse sand (with shell fragments)",-65.808068588376,-45.0243575591594
"487","Gravel (2-10mm)",-65.8036371599883,-45.0209910515696
"488","Gravel (2-10mm)",-65.8037379942834,-45.0210681650788
"489","Coarse sand (with shell fragments)",-65.8069420605898,-45.0235387310386
"490","Gravel (2-10mm)",-65.8035330567509,-45.0209109205753
"491","Coarse sand (with shell fragments)",-65.8073035720736,-45.0238100532442
"492","Coarse sand (with shell fragments)",-65.8055390138179,-45.0225344114006
"493","Coarse sand (with shell fragments)",-65.8057018741965,-45.0226639118046
"494","Coarse sand (with shell fragments)",-65.80531982705,-45.0223536975682
"495","Coarse sand (with shell fragments)",-65.8065739274025,-45.0232666544616
"496","Coarse sand (with shell fragments)",-65.8093883190304,-45.0251217372715
"497","Coarse sand (with shell fragments)",-65.8029852993786,-45.0205598864704
"498","Coarse sand (with shell fragments)",-65.8102447818965,-45.0255803950131
"499","Coarse sand (with shell fragments)",-65.8090282324702,-45.02491411753
"500","Coarse sand (with shell fragments)",-65.8070434816182,-45.0236116535962
"501","Coarse sand (with shell fragments)",-65.8060715161264,-45.0229456275702
"502","Coarse sand (with shell fragments)",-65.8059076499194,-45.0228162948042
"503","Coarse sand (with shell fragments)",-65.8062466979027,-45.0230708532035
"504","Coarse sand (with shell fragments)",-65.8063684031367,-45.0231333822012
"505","Coarse sand (with shell fragments)",-65.8075734693557,-45.0240377895534
"506","Coarse sand (with shell fragments)",-65.8077600505203,-45.024190088734
"507","Coarse sand (with shell fragments)",-65.8059736993164,-45.0228691846132
"508","Coarse sand (with shell fragments)",-65.8079369086772,-45.0243070162833
"509","Fine sand (no shell fragments)",-65.810922794044,-45.0259735900909
"510","Fine sand (no shell fragments)",-65.8110517915338,-45.0260335206985
"511","Fine sand (no shell fragments)",-65.811210963875,-45.026121949777
"512","Fine sand (no shell fragments)",-65.8113299030811,-45.0261934474111
"513","Coarse sand (with shell fragments)",-65.8071131352335,-45.0236578378826
"514","Fine sand (no shell fragments)",-65.8038124255836,-45.0211165286601
"515","Fine sand (no shell fragments)",-65.8039818238467,-45.0212475378066
"516","Fine sand (no shell fragments)",-65.804088357836,-45.0213187001646
"517","Fine sand (no shell fragments)",-65.8042558282614,-45.0214392319322
"518","Fine sand (no shell fragments)",-65.8107977360487,-45.0259118992835
"519","Fine sand (no shell fragments)",-65.8110926952213,-45.0260563194752
"520","Fine sand (no shell fragments)",-65.8114134706557,-45.0262400507927
"521","Fine sand (no shell fragments)",-65.8114542905241,-45.026264609769
"522","Fine sand (no shell fragments)",-65.8115257043391,-45.0263051781803
"523","Fine sand (no shell fragments)",-65.8115641772747,-45.0263263843954
"524","Coarse sand (with shell fragments)",-65.80620797351,-45.0230462942272
"525","Coarse sand (with shell fragments)",-65.8088283240795,-45.0247997883707
"526","Coarse sand (with shell fragments)",-65.8091961219907,-45.0250022951514
"527","Coarse sand (with shell fragments)",-65.8096386026591,-45.0252422690392
"528","Coarse sand (with shell fragments)",-65.8100751321763,-45.0254957377911
"529","Coarse sand (with shell fragments)",-65.809823423624,-45.025366069749
"530","Fine sand (no shell fragments)",-65.8045282401145,-45.0216481927782
"531","Fine sand (no shell fragments)",-65.8020067121834,-45.0202147196978
"532","Coarse sand (with shell fragments)",-65.8085660543293,-45.0246360898018
"533","Coarse sand (with shell fragments)",-65.8082317840308,-45.0244365166873
"534","Fine sand (no shell fragments)",-65.81169443205,-45.026375586167
"535","Fine sand (no shell fragments)",-65.8117378503084,-45.0263895001262
"536","Fine sand (no shell fragments)",-65.8117759041488,-45.0264051742852
"537","Fine sand (no shell fragments)",-65.811815885827,-45.0264245364815
"538","Coarse sand (with shell fragments)",-65.8075124491006,-45.0239873304963
"539","Coarse sand (with shell fragments)",-65.8071454055607,-45.0236816424876
"540","Fine sand (no shell fragments)",-65.8044361229986,-45.0215595960617
"541","Fine sand (no shell fragments)",-65.8104837499559,-45.0257184449583
"542","Fine sand (no shell fragments)",-65.8021419961005,-45.0200822856277
"543","Coarse sand (with shell fragments)",-65.8083854243159,-45.0245216768235
"544","Fine sand (no shell fragments)",-65.8112506102771,-45.0261459220201
"545","Fine sand (no shell fragments)",-65.8113749977201,-45.0262187607586
"546","Fine sand (no shell fragments)",-65.8114960324019,-45.0262868218124
"547","Fine sand (no shell fragments)",-65.8116464875638,-45.0263615045696
"548","Coarse sand (with shell fragments)",-65.8074137102813,-45.0239153299481
"549","Fine sand (no shell fragments)",-65.8103659003973,-45.0256492104381
"550","Fine sand (no shell fragments)",-65.8118918258697,-45.0264625903219
"551","Fine sand (no shell fragments)",-65.810711234808,-45.0258640386164
"552","Fine sand (no shell fragments)",-65.8111308328807,-45.0260778609663
"553","Fine sand (no shell fragments)",-65.8104096539319,-45.0256718415767
"554","Fine sand (no shell fragments)",-65.8105555828661,-45.0257667247206
"555","Fine sand (no shell fragments)",-65.810671588406,-45.0258387252688
"556","Fine sand (no shell fragments)",-65.8108815550804,-45.0259541440755
"557","Fine sand (no shell fragments)",-65.8110082894564,-45.0260123983026
"558","Coarse sand (with shell fragments)",-65.8031113632023,-45.0206660013646
"559","Coarse sand (with shell fragments)",-65.8028641808778,-45.0204482395202
"560","Fine sand (no shell fragments)",-65.8039162773639,-45.0211958214641
"561","Fine sand (no shell fragments)",-65.8106336183846,-45.0258137471974
"562","Fine sand (no shell fragments)",-65.8104837499559,-45.0257184449583
"563","Coarse sand (with shell fragments)",-65.8033823501319,-45.0208245869726
"564","Coarse sand (with shell fragments)",-65.8034613914788,-45.0208650715649
"565","Coarse sand (with shell fragments)",-65.8031725510955,-45.0207207351923
"566","Coarse sand (with shell fragments)",-65.803250418976,-45.0207673385739
"567","Gravel (2-10mm)",-65.8030718006194,-45.0220064353198
"568","Gravel (2-10mm)",-65.802991418168,-45.0219139829278
"569","Gravel (2-10mm)",-65.8030458167195,-45.02197265625
"570","Coarse sand (with shell fragments)",-65.8033945038915,-45.0222645979375
"571","Coarse sand (with shell fragments)",-65.8032062463462,-45.0221189204603
"572","Gravel (2-10mm)",-65.8031380176544,-45.0220628455281
"573","Gravel (2-10mm)",-65.8094217628241,-45.026462925598
"574","Gravel (2-10mm)",-65.8093438949436,-45.0263977143914
"575","Gravel (2-10mm)",-65.8094595652074,-45.0264988839626
"576","Coarse sand (with shell fragments)",-65.8080349769443,-45.0255518965423
"577","Gravel (2-10mm)",-65.8095350023359,-45.0265641789883
"578","Gravel (2-10mm)",-65.8085095603019,-45.0258217100054
"579","Coarse sand (with shell fragments)",-65.8044958859682,-45.023101028055
"580","Gravel (2-10mm)",-65.809175837785,-45.0262771826237
"581","Gravel (2-10mm)",-65.8087389729917,-45.0259702373296
"582","Coarse sand (with shell fragments)",-65.8063125796616,-45.0246417894959
"583","Coarse sand (with shell fragments)",-65.8061555866152,-45.0245349202305
"584","Coarse sand (with shell fragments)",-65.80460912548,-45.0231840927154
"585","Coarse sand (with shell fragments)",-65.8043458499014,-45.0229922309518
"586","Gravel (2-10mm)",-65.8083726000041,-45.0257352925837
"587","Gravel (2-10mm)",-65.8029249496758,-45.0218577403575
"588","Coarse sand (with shell fragments)",-65.8052151370794,-45.0237523857504
"589","Coarse sand (with shell fragments)",-65.8052151370794,-45.0237523857504
"590","Gravel (2-10mm)",-65.8090021647513,-45.0261548068374
"591","Coarse sand (with shell fragments)",-65.8049224410206,-45.0234575103968
"592","Coarse sand (with shell fragments)",-65.8048604149371,-45.023394394666
"593","Coarse sand (with shell fragments)",-65.8047944493592,-45.0233322847635
"594","Gravel (2-10mm)",-65.8098585437983,-45.0268074218184
"595","Gravel (2-10mm)",-65.8097726292908,-45.0267530232668
"596","Gravel (2-10mm)",-65.8096909057349,-45.0266931764781
"597","Coarse sand (with shell fragments)",-65.8046874124557,-45.023241089657
"598","Coarse sand (with shell fragments)",-65.8028578944504,-45.0217999052256
"599","Coarse sand (with shell fragments)",-65.8065207861364,-45.0247673504055
"600","Coarse sand (with shell fragments)",-65.8035811688751,-45.0224095210433
"601","Gravel (2-10mm)",-65.8101046364754,-45.0269662588835
"602","Gravel (2-10mm)",-65.8099480625242,-45.026859305799
"603","Coarse sand (with shell fragments)",-65.8054515067488,-45.0239760987461
"604","Gravel (2-10mm)",-65.8096124511212,-45.0266297254711
"605","Coarse sand (with shell fragments)",-65.8078985195607,-45.0254750344902
"606","Gravel (2-10mm)",-65.8103522378951,-45.0270981900394
"607","Coarse sand (with shell fragments)",-65.8075706195086,-45.0253125093877
"608","Gravel (2-10mm)",-65.8102401718497,-45.0270398519933
"609","Coarse sand (with shell fragments)",-65.80676545389,-45.0249257683754
"610","Coarse sand (with shell fragments)",-65.8050878997892,-45.0236239749938
"611","Coarse sand (with shell fragments)",-65.8050193358213,-45.0235563330352
"612","Coarse sand (with shell fragments)",-65.8039928879589,-45.0227088388056
"613","Coarse sand (with shell fragments)",-65.8038516528904,-45.0225971080363
"614","Coarse sand (with shell fragments)",-65.8036948274821,-45.0224914122373
"615","Coarse sand (with shell fragments)",-65.807330980897,-45.0251993536949
"616","Coarse sand (with shell fragments)",-65.8070865646005,-45.025088628754
"617","Coarse sand (with shell fragments)",-65.8058178797364,-45.0242780148983
"618","Coarse sand (with shell fragments)",-65.8041974063963,-45.0228850264102
"619","Coarse sand (with shell fragments)",-65.8041313569993,-45.0228250958025
"620","Coarse sand (with shell fragments)",-65.8057143632323,-45.024184808135
"621","Coarse sand (with shell fragments)",-65.8056358247995,-45.0241281464696
"622","Coarse sand (with shell fragments)",-65.8059262577444,-45.0243699643761
